"Region","Local Health Area","Year","Gender","Total","LT1"," 1 to 4"," 5 to 9","10 to 14","15 to 19","20 to 24","25 to 29","30 to 34","35 to 39","40 to 44","45 to 49","50 to 54","55 to 59","60 to 64","65 to 69","70 to 74","75 to 79","80 to 84","85 to 89","90+"
"0","British Columbia",1986,"M",1495053,21302,86618,102256,99913,112229,128948,136914,132603,126360,100523,80578,74046,72905,65737,54598,44842,28752,16234,6645,3050
"0","British Columbia",1986,"F",1508568,20292,81194,96953,96263,106011,125693,136372,133578,121904,95146,76110,69588,71930,73557,65835,55351,38093,23865,13024,7809
"0","British Columbia",1986,"T",3003621,41594,167812,199209,196176,218240,254641,273286,266181,248264,195669,156688,143634,144835,139294,120433,100193,66845,40099,19669,10859
"0","British Columbia",1987,"M",1516914,21516,87216,104618,100301,111452,124741,138285,134592,126960,107981,83853,74176,73952,66709,57481,45745,30090,17035,7134,3077
"0","British Columbia",1987,"F",1531737,20578,82140,99202,96196,105554,121042,136718,136310,123603,102848,79543,70259,71791,73227,68855,56904,40359,24993,13564,8051
"0","British Columbia",1987,"T",3048651,42094,169356,203820,196497,217006,245783,275003,270902,250563,210829,163396,144435,145743,139936,126336,102649,70449,42028,20698,11128
"0","British Columbia",1988,"M",1548973,21326,88559,108250,101922,111430,120748,140327,138052,129558,114599,88877,75338,74961,68599,60247,45956,31727,17868,7532,3097
"0","British Columbia",1988,"F",1565788,20615,83979,102419,97253,106453,117117,138875,139841,127731,109498,84584,71281,72431,73241,71744,57627,42569,26328,14092,8110
"0","British Columbia",1988,"T",3114761,41941,172538,210669,199175,217883,237865,279202,277893,257289,224097,173461,146619,147392,141840,131991,103583,74296,44196,21624,11207
"0","British Columbia",1989,"M",1589728,22424,89648,111678,104763,111144,119311,142994,142311,134153,120852,94326,77450,75729,69963,63553,45981,33523,18654,8137,3134
"0","British Columbia",1989,"F",1606997,21229,85236,105947,99825,106346,115638,141552,143945,133119,116559,89986,73560,72024,73329,74417,58189,45259,27679,14879,8279
"0","British Columbia",1989,"T",3196725,43653,174884,217625,204588,217490,234949,284546,286256,267272,237411,184312,151010,147753,143292,137970,104170,78782,46333,23016,11413
"0","British Columbia",1990,"M",1637852,23350,91196,115621,108003,111827,120431,144884,147535,139016,128954,99240,80074,76323,71990,64760,47632,35616,19444,8613,3343
"0","British Columbia",1990,"F",1654259,22212,86896,109675,102573,107416,116651,142557,148648,138886,125030,95030,76313,72362,73742,74966,60226,47862,29139,15483,8592
"0","British Columbia",1990,"T",3292111,45562,178092,225296,210576,219243,237082,287441,296183,277902,253984,194270,156387,148685,145732,139726,107858,83478,48583,24096,11935
"0","British Columbia",1991,"M",1681631,23171,92639,118158,111403,111285,122052,144444,153256,144607,135994,104726,83634,76978,74095,65628,50154,36723,20045,9041,3598
"0","British Columbia",1991,"F",1692156,22512,88642,112448,105817,106253,117362,139875,152090,144297,132724,99878,80340,72886,74133,74917,62956,49314,30637,16035,9040
"0","British Columbia",1991,"T",3373787,45683,181281,230606,217220,217538,239414,284319,305346,288904,268718,204604,163974,149864,148228,140545,113110,86037,50682,25076,12638
"0","British Columbia",1992,"M",1727639,24033,95081,120880,116010,113409,125052,143585,157130,149188,138446,113888,87583,77303,75771,66185,52749,37204,21001,9420,3721
"0","British Columbia",1992,"F",1741163,22667,91051,115144,110464,106915,120810,139231,155396,150348,135893,109672,84816,74504,74693,74450,66034,50557,32411,16736,9371
"0","British Columbia",1992,"T",3468802,46700,186132,236024,226474,220324,245862,282816,312526,299536,274339,223560,172399,151807,150464,140635,118783,87761,53412,26156,13092
"0","British Columbia",1993,"M",1776929,23797,98013,122892,120750,116030,127739,143100,161803,155019,142194,121878,92905,78715,76957,67275,54938,37280,22073,9725,3846
"0","British Columbia",1993,"F",1790843,22784,93320,117282,114789,108664,123518,138391,159139,156198,140710,118358,90276,76548,75779,74112,68652,51175,34081,17571,9496
"0","British Columbia",1993,"T",3567772,46581,191333,240174,235539,224694,251257,281491,320942,311217,282904,240236,183181,155263,152736,141387,123590,88455,56154,27296,13342
"0","British Columbia",1994,"M",1832241,24080,99187,125634,125201,120753,129373,144351,166941,160445,147847,129529,98572,81261,78227,68533,57448,37286,23406,10158,4009
"0","British Columbia",1994,"F",1843834,22676,94725,119274,119379,112581,124476,138614,162811,161326,146808,127075,96584,79949,76067,74215,71148,51498,36328,18521,9779
"0","British Columbia",1994,"T",3676075,46756,193912,244908,244580,233334,253849,282965,329752,321771,294655,256604,195156,161210,154294,142748,128596,88784,59734,28679,13788
"0","British Columbia",1995,"M",1884327,24485,99563,127544,129542,125137,129845,146678,170120,166332,153529,138569,103462,83848,78887,70355,58194,38649,24919,10575,4094
"0","British Columbia",1995,"F",1893063,22650,94656,121279,122843,116806,124419,140288,164351,166204,153081,136293,102135,83253,76891,74773,71608,53303,38711,19433,10086
"0","British Columbia",1995,"T",3777390,47135,194219,248823,252385,241943,254264,286966,334471,332536,306610,274862,205597,167101,155778,145128,129802,91952,63630,30008,14180
"0","British Columbia",1996,"M",1929333,24400,99825,128441,132880,130756,131510,150035,168749,171022,158845,145927,108399,86872,79081,72298,58756,40596,25630,11051,4260
"0","British Columbia",1996,"F",1944984,23193,94204,122823,125036,122659,127980,144765,164334,170399,159541,143973,107401,87160,77663,75621,71343,55952,39813,20730,10394
"0","British Columbia",1996,"T",3874317,47593,194029,251264,257916,253415,259490,294800,333083,341421,318386,289900,215800,174032,156744,147919,130099,96548,65443,31781,14654
"0","British Columbia",1997,"M",1965474,23294,99789,130507,135164,133713,133130,149774,165897,174688,163698,148869,118268,90527,79367,74211,59629,43038,26012,11500,4399
"0","British Columbia",1997,"F",1983109,21935,94377,124272,127212,125908,128954,146132,162053,173862,165394,146890,117087,90562,78975,76042,71062,58917,40735,22011,10729
"0","British Columbia",1997,"T",3948583,45229,194166,254779,262376,259621,262084,295906,327950,348550,329092,295759,235355,181089,158342,150253,130691,101955,66747,33511,15128
"0","British Columbia",1998,"M",1980518,22014,98152,130565,135485,136548,132090,146298,158954,176113,167022,151490,126072,95010,80172,75276,60911,45338,26249,12134,4625
"0","British Columbia",1998,"F",2002595,21142,92293,124370,127980,128056,127745,144154,157054,175670,169617,150250,124720,94820,80168,76623,70959,61429,41069,23264,11212
"0","British Columbia",1998,"T",3983113,43156,190445,254935,263465,264604,259835,290452,316008,351783,336639,301740,250792,189830,160340,151899,131870,106767,67318,35398,15837
"0","British Columbia",1999,"M",1992579,21782,95175,129551,135409,139006,133068,142252,153773,176351,168772,154300,132434,99703,81381,75840,62135,47580,26299,12938,4830
"0","British Columbia",1999,"F",2018796,20503,89869,123138,127703,130402,128758,141111,152879,176442,172161,154323,131348,99454,81884,76271,70698,63655,41715,24659,11823
"0","British Columbia",1999,"T",4011375,42285,185044,252689,263112,269408,261826,283363,306652,352793,340933,308623,263782,199157,163265,152111,132833,111235,68014,37597,16653
"0","British Columbia",2000,"M",2005377,21319,92117,128299,134752,142318,134006,138366,151073,174465,170583,157023,139786,103721,82979,75776,64006,48374,27623,13891,4900
"0","British Columbia",2000,"F",2033853,20122,87204,121261,127866,132903,129418,137051,151322,174646,174355,158453,138906,103442,83645,76158,71029,63959,43373,26287,12453
"0","British Columbia",2000,"T",4039230,41441,179321,249560,262618,275221,263424,275417,302395,349111,344938,315476,278692,207163,166624,151934,135035,112333,70996,40178,17353
"0","British Columbia",2001,"M",2023380,20949,89474,127137,134559,145332,136706,135452,150879,169965,172487,160147,145919,108466,85541,76107,66122,49257,29426,14257,5198
"0","British Columbia",2001,"F",2053501,19688,84832,119976,128056,135213,131623,134161,151931,171163,176433,162997,145387,107879,86669,76492,71762,63830,45963,26984,12462
"0","British Columbia",2001,"T",4076881,40637,174306,247113,262615,280545,268329,269613,302810,341128,348920,323144,291306,216345,172210,152599,137884,113087,75389,41241,17660
"0","British Columbia",2002,"M",2033086,20490,86975,124624,135678,144496,139311,132886,148654,164819,173079,162785,147443,117542,88962,76129,67633,49952,31602,14483,5543
"0","British Columbia",2002,"F",2067075,19277,82524,117529,127921,135322,135032,132221,150023,165953,176715,167194,147448,117261,90411,77556,71904,63710,48234,27397,13443
"0","British Columbia",2002,"T",4100161,39767,169499,242153,263599,279818,274343,265107,298677,330772,349794,329979,294891,234803,179373,153685,139537,113662,79836,41880,18986
"0","British Columbia",2003,"M",2044148,20800,85537,121614,136020,143277,142970,131268,145715,158112,174389,165639,149197,124890,93838,76888,68692,51111,33559,14751,5881
"0","British Columbia",2003,"F",2079789,19590,80821,114858,127830,133786,138308,130871,146913,160042,177704,170687,150578,125177,95143,78875,72486,63677,50340,27796,14307
"0","British Columbia",2003,"T",4123937,40390,166358,236472,263850,277063,281278,262139,292628,318154,352093,336326,299775,250067,188981,155763,141178,114788,83899,42547,20188
"0","British Columbia",2004,"M",2058436,20631,85137,119035,135144,143718,145302,131739,142078,153580,175807,167230,152266,130890,99018,78449,69207,52449,35370,15214,6172
"0","British Columbia",2004,"F",2096581,19530,79942,112600,127377,132916,141609,131948,143041,155515,178774,173173,154739,132102,100628,80959,72513,63642,52193,28350,15030
"0","British Columbia",2004,"T",4155017,40161,165079,231635,262521,276634,286911,263687,285119,309095,354581,340403,307005,262992,199646,159408,141720,116091,87563,43564,21202
"0","British Columbia",2005,"M",2078852,20912,85143,116472,134259,145073,147821,133629,138563,152005,175826,169427,155391,138020,103416,80363,69557,53973,36132,16636,6234
"0","British Columbia",2005,"F",2116912,19633,79546,110322,126421,133668,143014,134467,140135,153769,177862,175283,159319,139775,105230,83177,72722,64057,52784,30248,15480
"0","British Columbia",2005,"T",4195764,40545,164689,226794,260680,278741,290835,268096,278698,305774,353688,344710,314710,277795,208646,163540,142279,118030,88916,46884,21714
"0","British Columbia",2006,"M",2101387,21023,85823,114569,132957,146783,148091,136497,135672,152106,173227,171537,159269,143857,108402,83335,69933,55832,36939,18167,7368
"0","British Columbia",2006,"F",2140407,20175,79881,107774,125357,135038,143267,138074,137657,153451,174780,177371,163633,146421,109555,86851,73301,64590,52758,32281,18192
"0","British Columbia",2006,"T",4241794,41198,165704,222343,258314,281821,291358,274571,273329,305557,348007,348908,322902,290278,217957,170186,143234,120422,89697,50448,25560
"0","British Columbia",2007,"M",2127572,21911,86279,113398,132832,145551,149532,141510,136450,151868,168809,174337,163269,145745,116959,86795,70246,57376,37515,19506,7684
"0","British Columbia",2007,"F",2163412,20483,81175,106718,123724,135571,143888,142249,138657,153810,170383,178905,167253,147495,118367,90027,74334,64719,52645,34171,18838
"0","British Columbia",2007,"T",4290984,42394,167454,220116,256556,281122,293420,283759,275107,305678,339192,353242,330522,293240,235326,176822,144580,122095,90160,53677,26522
"0","British Columbia",2008,"M",2158715,22726,87422,113206,131663,144823,151207,147713,138830,151845,163616,177695,167490,148433,124254,91152,71218,58366,38433,20668,7955
"0","British Columbia",2008,"F",2190621,21364,82382,106379,121867,135056,145483,147735,140594,154070,166090,181298,170748,149635,125454,94018,75477,65256,52650,35542,19523
"0","British Columbia",2008,"T",4349336,44090,169804,219585,253530,279879,296690,295448,279424,305915,329706,358993,338238,298068,249708,185170,146695,123622,91083,56210,27478
"0","British Columbia",2009,"M",2190971,23022,89166,113028,129918,144999,153522,154136,142551,150343,160126,179933,170185,152236,130344,95944,72979,58983,39448,21804,8304
"0","British Columbia",2009,"F",2219535,21536,84042,106130,120441,134012,147823,153761,143722,152721,163089,183310,173542,152639,131444,98831,77320,65298,52580,36937,20357
"0","British Columbia",2009,"T",4410506,44558,173208,219158,250359,279011,301345,307897,286273,303064,323215,363243,343727,304875,261788,194775,150299,124281,92028,58741,28661
"0","British Columbia",2010,"M",2219479,23033,91478,112864,127186,146702,154113,158513,146541,148155,158825,178777,172651,155583,137817,100079,75058,59797,40919,22244,9144
"0","British Columbia",2010,"F",2246067,21395,85644,106171,118531,133275,150655,158590,146559,151226,162278,181814,175624,155956,138118,102786,79480,65551,52976,37222,22216
"0","British Columbia",2010,"T",4465546,44428,177122,219035,245717,279977,304768,317103,293100,299381,321103,360591,348275,311539,275935,202865,154538,125348,93895,59466,31360
"0","British Columbia",2011,"M",2237994,22487,93067,113321,124084,148553,153240,157709,150004,145402,159456,174258,175022,159475,143582,104841,77463,60565,42817,22609,10039
"0","British Columbia",2011,"F",2264110,21482,86258,106906,115920,133912,149558,159218,149080,148938,163398,178058,178372,159651,143127,106568,82708,66130,53648,37316,23862
"0","British Columbia",2011,"T",4502104,43969,179325,220227,240004,282465,302798,316927,299084,294340,322854,352316,353394,319126,286709,211409,160171,126695,96465,59925,33901
"0","British Columbia",2012,"M",2268314,22457,92804,114451,121780,147789,159169,158988,153282,145565,159758,172081,177793,163844,145390,113264,80492,61106,44209,23310,10782
"0","British Columbia",2012,"F",2298455,21215,87164,108261,113794,133534,151801,159608,153807,149463,165022,175908,181879,166410,145600,115687,85395,67190,54066,37565,25086
"0","British Columbia",2012,"T",4566769,43672,179968,222712,235574,281323,310970,318596,307089,295028,324780,347989,359672,330254,290990,228951,165887,128296,98275,60875,35868
"0","British Columbia",2013,"M",2297991,22662,92310,115517,120841,145043,163502,160928,157685,146100,158895,168273,181007,168496,147898,120636,85005,62173,45360,24301,11359
"0","British Columbia",2013,"F",2332086,21510,87107,110002,112809,131378,152798,159870,158541,150258,165004,173233,185750,173126,150100,123796,89574,68482,54688,37951,26109
"0","British Columbia",2013,"T",4630077,44172,179417,225519,233650,276421,316300,320798,316226,296358,323899,341506,366757,341622,297998,244432,174579,130655,100048,62252,37468
"0","British Columbia",2014,"M",2333888,22652,92414,117240,120408,143156,167156,165312,162804,148225,156581,166203,183869,172246,151606,126800,89787,63673,46331,25354,12071
"0","British Columbia",2014,"F",2373215,21339,87590,112052,113060,130517,153991,162005,163346,152477,163392,172241,189547,178919,156259,131194,94515,70231,54939,38398,27203
"0","British Columbia",2014,"T",4707103,43991,180004,229292,233468,273673,321147,327317,326150,300702,319973,338444,373416,351165,307865,257994,184302,133904,101270,63752,39274
"0","British Columbia",2015,"M",2365415,23206,93018,119235,119900,142301,166631,168268,166945,150675,153703,165556,184793,175936,155591,134366,93521,65632,47138,26417,12583
"0","British Columbia",2015,"F",2410973,21613,88171,114118,114029,130179,152108,163734,166612,155270,161338,173302,190447,183947,162861,140060,98824,72220,55282,38923,27935
"0","British Columbia",2015,"T",4776388,44819,181189,233353,233929,272480,318739,332002,333557,305945,315041,338858,375240,359883,318452,274426,192345,137852,102420,65340,40518
"0","British Columbia",2016,"M",2405364,23161,95659,121009,120339,142072,165678,172724,172721,155540,151434,166489,183036,179642,160632,140444,98119,67910,47923,27684,13148
"0","British Columbia",2016,"F",2453886,21780,89314,116336,115578,130226,151321,166106,170570,159216,159556,175677,189313,188521,169971,147533,103522,75070,55991,39574,28711
"0","British Columbia",2016,"T",4859250,44941,184973,237345,235917,272298,316999,338830,343291,314756,310990,342166,372349,368163,330603,287977,201641,142980,103914,67258,41859
"0","British Columbia",2017,"M",2438883,23152,96136,122428,121035,142249,168014,176066,176703,161282,151181,165339,178273,181665,164454,142038,106508,71050,48687,28952,13671
"0","British Columbia",2017,"F",2490501,21929,89416,117225,116959,132618,152834,169249,173407,164406,158999,175257,185426,190072,174987,150274,112931,78094,57092,39966,29360
"0","British Columbia",2017,"T",4929384,45081,185552,239653,237994,274867,320848,345315,350110,325688,310180,340596,363699,371737,339441,292312,219439,149144,105779,68918,43031
"0","British Columbia",2018,"M",2479444,22655,96032,123739,122505,143525,173355,180771,181274,168228,152348,163446,172609,183618,168458,144133,113381,75242,49659,30037,14429
"0","British Columbia",2018,"F",2531032,21692,89247,117594,118781,135219,157362,172170,177182,170396,159302,173533,181012,192084,179591,153738,120920,82151,58448,40476,30134
"0","British Columbia",2018,"T",5010476,44347,185279,241333,241286,278744,330717,352941,358456,338624,311650,336979,353621,375702,348049,297871,234301,157393,108107,70513,44563
"0","British Columbia",2019,"M",2521582,22326,95503,124603,124757,142072,178719,185331,186678,175879,155111,161177,168776,185105,171832,147311,119328,79537,51118,31043,15376
"0","British Columbia",2019,"F",2573214,21113,89144,117760,120514,135689,162683,175284,181949,176831,161128,170593,177994,193823,183083,158594,128173,86971,60029,40989,30870
"0","British Columbia",2019,"T",5094796,43439,184647,242363,245271,277761,341402,360615,368627,352710,316239,331770,346770,378928,354915,305905,247501,166508,111147,72032,46246
"0","British Columbia",2020,"M",2551929,22347,94389,126232,127253,138644,177394,186345,191559,182542,159150,158715,167147,184380,174495,150901,126014,83195,53106,31739,16382
"0","British Columbia",2020,"F",2606799,20787,88756,118328,122329,133759,163516,175338,186578,181923,164961,167761,177453,192945,185891,163458,136340,91325,62053,41646,31652
"0","British Columbia",2020,"T",5158728,43134,183145,244560,249582,272403,340910,361683,378137,364465,324111,326476,344600,377325,360386,314359,262354,174520,115159,73385,48034
"0","British Columbia",2021,"M",2578973,21902,93629,127296,128306,132816,175303,188044,195813,189390,165280,157101,167642,181808,176998,155142,131281,87259,54999,32102,16862
"0","British Columbia",2021,"F",2635832,20751,87765,118915,123105,129160,162885,175507,190267,187248,169520,165746,178588,190706,188420,168808,143147,96027,64776,42292,32199
"0","British Columbia",2021,"T",5214805,42653,181394,246211,251411,261976,338188,363551,386080,376638,334800,322847,346230,372514,365418,323950,274428,183286,119775,74394,49061
"0","British Columbia",2022,"M",2627029,22511,93181,128719,130824,134861,172324,195376,204102,195850,172319,157766,167239,177985,179755,159355,133072,94298,56882,32581,18029
"0","British Columbia",2022,"F",2688535,21355,87438,119778,124999,131253,163902,182458,197521,192447,176168,165997,179003,187558,190816,174198,145962,104401,66617,43068,33596
"0","British Columbia",2022,"T",5315564,43866,180619,248497,255823,266114,336226,377834,401623,388297,348487,323763,346242,365543,370571,333553,279034,198699,123499,75649,51625
"0","British Columbia",2023,"M",2668838,22917,93292,128660,132987,140849,167928,199104,210248,201208,179870,158830,165540,172810,182440,163653,135404,100463,60054,33406,19175
"0","British Columbia",2023,"F",2734229,21738,87419,119841,126195,137365,161621,187206,201767,197141,182576,166549,177628,183523,193489,179080,149548,111923,70012,44155,35453
"0","British Columbia",2023,"T",5403067,44655,180711,248501,259182,278214,329549,386310,412015,398349,362446,325379,343168,356333,375929,342733,284952,212386,130066,77561,54628
"0","British Columbia",2024,"M",2707871,23229,93824,128246,134292,146043,164264,201673,215096,206887,187444,161178,162875,169217,184338,167117,138596,105597,63257,34467,20231
"0","British Columbia",2024,"F",2777213,22033,88122,119481,126821,141860,160030,191417,205119,201856,188631,168322,174692,180753,195700,182729,154414,118528,74162,45386,37157
"0","British Columbia",2024,"T",5485084,45262,181946,247727,261113,287903,324294,393090,420215,408743,376075,329500,337567,349970,380038,349846,293010,224125,137419,79853,57388
"0","British Columbia",2025,"M",2745309,23495,94559,127248,135902,150171,161756,202994,219084,212512,194492,165007,160088,167510,183812,169998,142225,111430,66027,35822,21177
"0","British Columbia",2025,"F",2818489,22287,89321,118793,127271,145345,158605,195260,207676,206995,193489,171796,171633,180206,195103,185764,159260,125916,77924,46918,38927
"0","British Columbia",2025,"T",5563798,45782,183880,246041,263173,295516,320361,398254,426760,419507,387981,336803,331721,347716,378915,355762,301485,237346,143951,82740,60104
"0","British Columbia",2026,"M",2782555,23743,95946,126421,137265,153398,161619,202015,222977,217740,200913,170400,157599,167347,181014,172639,146400,116167,69339,37231,22382
"0","British Columbia",2026,"F",2859370,22526,90655,118219,127963,148219,158409,196722,211428,211319,198505,175736,169175,181037,192783,188547,164385,132104,81967,48920,40751
"0","British Columbia",2026,"T",5641925,46269,186601,244640,265228,301617,320028,398737,434405,429059,399418,346136,326774,348384,373797,361186,310785,248271,151306,86151,63133
"0","British Columbia",2027,"M",2819439,23968,97103,125907,138165,156076,165667,197542,226448,223452,206094,176620,157710,166504,176950,175006,150211,117895,75529,39094,23498
"0","British Columbia",2027,"F",2899670,22743,91759,117860,128356,150349,162308,195657,214000,215960,202359,181517,168797,180937,189254,190510,169359,134749,89675,50996,42525
"0","British Columbia",2027,"T",5719109,46711,188862,243767,266521,306425,327975,393199,440448,439412,408453,358137,326507,347441,366204,365516,319570,252644,165204,90090,66023
"0","British Columbia",2028,"M",2856340,24175,98128,126202,137925,158117,171435,192645,229192,228932,211072,183874,158590,164718,171880,177617,154330,120282,80900,41636,24690
"0","British Columbia",2028,"F",2939962,22940,92747,118010,128254,151421,168219,192748,217673,219573,206693,187662,169173,179443,185196,193085,174087,138331,96478,53904,44325
"0","British Columbia",2028,"T",5796302,47115,190875,244212,266179,309538,339654,385393,446865,448505,417765,371536,327763,344161,357076,370702,328417,258613,177378,95540,69015
"0","British Columbia",2029,"M",2892910,24357,99070,126957,137440,159390,176547,188779,231371,233508,216592,191280,160825,162061,168418,179529,157724,123407,85409,44222,26024
"0","British Columbia",2029,"F",2980034,23113,93652,118917,127825,152016,172644,190929,221467,222668,211258,193584,170851,176489,182477,195289,177707,143108,102506,57406,46128
"0","British Columbia",2029,"T",5872944,47470,192722,245874,265265,311406,349191,379708,452838,456176,427850,384864,331676,338550,350895,374818,335431,266515,187915,101628,72152
"0","British Columbia",2030,"M",2929054,24509,99930,127941,136433,161016,180673,186213,232637,237450,222182,198236,164574,159324,166820,179147,160640,126928,90479,46470,27452
"0","British Columbia",2030,"F",3019852,23258,94478,120350,127122,152479,176136,189469,225265,225181,216369,198391,174274,173469,181989,194793,180783,147860,109264,60636,48286
"0","British Columbia",2030,"T",5948906,47767,194408,248291,263555,313495,356809,375682,457902,462631,438551,396627,338848,332793,348809,373940,341423,274788,199743,107106,75738
"0","British Columbia",2031,"M",2964740,24631,100695,129561,135595,162383,183898,186027,231618,241303,227380,204580,169875,156891,166723,176578,163337,130928,94621,49114,29002
"0","British Columbia",2031,"F",3059281,23375,95211,121912,126533,153178,179011,189239,226686,228893,220670,203365,178166,171047,182854,192613,183606,152839,114957,64166,50960
"0","British Columbia",2031,"T",6024021,48006,195906,251473,262128,315561,362909,375266,458304,470196,448050,407945,348041,327938,349577,369191,346943,283767,209578,113280,79962
"0","British Columbia",2032,"M",3000017,24728,101355,130945,135083,163290,186575,190052,227142,244760,233068,209715,176005,157021,165961,172792,165768,134604,96460,53949,30744
"0","British Columbia",2032,"F",3098204,23467,95839,123229,126171,153580,181148,193121,225601,231449,225297,207197,183903,170691,182795,189254,185642,157665,117677,70731,53747
"0","British Columbia",2032,"T",6098221,48195,197194,254174,261254,316870,367723,383173,452743,476209,458365,416912,359908,327712,348756,362046,351410,292269,214137,124680,84491
"0","British Columbia",2033,"M",3034946,24808,101905,132173,135376,163057,188614,195783,222239,247485,238525,214643,183156,157900,164278,168060,168451,138583,98801,58150,32959
"0","British Columbia",2033,"F",3136575,23542,96363,124405,126318,153484,182225,199009,222669,235102,228899,211504,189996,171076,181364,185394,188282,162270,121129,76474,57070
"0","British Columbia",2033,"T",6171521,48350,198268,256578,261694,316541,370839,394792,444908,482587,467424,426147,373152,328976,345642,353454,356733,300853,219930,134624,90029
"0","British Columbia",2034,"M",3069497,24878,102353,133291,136125,162575,189885,200857,218357,249646,243085,220111,190455,160110,161750,164876,170447,141897,101742,61709,35348
"0","British Columbia",2034,"F",3174380,23609,96791,125478,127218,153060,182823,203407,220818,238873,231981,216041,195867,172749,178502,182845,190561,165857,125624,81549,60727
"0","British Columbia",2034,"T",6243877,48487,199144,258769,263343,315635,372708,404264,439175,488519,475066,436152,386322,332859,340252,347721,361008,307754,227366,143258,96075
"0","British Columbia",2035,"M",3103607,24945,102721,134297,137105,161573,191506,204948,215770,250897,247011,225652,197313,163807,159149,163479,170275,144814,105064,65666,37615
"0","British Columbia",2035,"F",3211659,23673,97140,126441,128644,152359,183288,206872,219323,242646,234480,221120,200632,176147,175571,182466,190226,168958,130130,87177,64366
"0","British Columbia",2035,"T",6315266,48618,199861,260738,265749,313932,374794,411820,435093,493543,481491,446772,397945,339954,334720,345945,360501,313772,235194,152843,101981
"0","British Columbia",2036,"M",3137233,25018,103032,135179,138721,160741,192871,208143,215561,249868,250850,230807,203567,169030,156841,163507,168029,147537,108763,68937,40231
"0","British Columbia",2036,"F",3248461,23743,97437,127281,130197,151777,183989,209727,219063,244047,238179,225392,205565,180013,173235,183397,188258,171823,134819,91941,68578
"0","British Columbia",2036,"T",6385694,48761,200469,262460,268918,312518,376860,417870,434624,493915,489029,456199,409132,349043,330076,346904,356287,319360,243582,160878,108809
"0","British Columbia",2037,"M",3170401,25107,103321,135932,140102,160233,193780,210794,219554,245396,254295,236448,208631,175072,157030,162874,164630,150004,112172,70683,44343
"0","British Columbia",2037,"F",3284805,23828,97712,127995,131511,151421,184395,211844,222914,242946,240725,229995,209367,185701,172925,183408,185137,173946,139375,94503,75157
"0","British Columbia",2037,"T",6455206,48935,201033,263927,271613,311654,378175,422638,442468,488342,495020,466443,417998,360773,329955,346282,349767,323950,251547,165186,119500
"0","British Columbia",2038,"M",3203188,25227,103618,136559,141327,160532,193547,212808,225249,240495,257013,241858,213494,182115,157946,161347,160380,152747,115862,72805,48259
"0","British Columbia",2038,"F",3320686,23941,97995,128588,132683,151571,184302,212903,228768,240001,244366,233574,213643,191743,173342,182077,181563,176657,143760,97687,81522
"0","British Columbia",2038,"T",6523874,49168,201613,265147,274010,312103,377849,425711,454017,480496,501379,475432,427137,373858,331288,343424,341943,329404,259622,170492,129781
"0","British Columbia",2039,"M",3235677,25376,103966,137073,142441,161284,193068,214057,230288,236617,259168,246381,218895,189304,160162,159010,157601,154837,118982,75358,51809
"0","British Columbia",2039,"F",3356079,24084,98325,129075,133749,152476,183883,213481,233133,238137,248124,236636,218145,197563,175030,179350,179275,179021,147255,101731,87606
"0","British Columbia",2039,"T",6591756,49460,202291,266148,276190,313760,376951,427538,463421,474754,507292,483017,437040,386867,335192,338360,336876,333858,266237,177089,139415
"0","British Columbia",2040,"M",3267916,25541,104395,137504,143442,162268,192070,215657,234349,234026,260418,250278,224369,196064,163834,156608,156499,154946,121820,78268,55560
"0","British Columbia",2040,"F",3390979,24240,98734,129483,134705,153906,183186,213929,236565,236628,251887,239120,223190,202296,178423,176560,179064,178904,150338,105817,94004
"0","British Columbia",2040,"T",6658895,49781,203129,266987,278147,316174,375256,429586,470914,470654,512305,489398,447559,398360,342257,333168,335563,333850,272158,184085,149564
"0","British Columbia",2041,"M",3299911,25711,104916,137884,144322,163885,191240,217002,237516,233810,259399,254089,229463,202237,168997,154493,156716,153150,124511,81459,59111
"0","British Columbia",2041,"F",3425420,24403,99229,129843,135541,155462,182608,214612,239390,236355,253280,242801,227434,207191,182274,174354,180102,177234,153200,110011,100096
"0","British Columbia",2041,"T",6725331,50114,204145,267727,279863,319347,373848,431614,476906,470165,512679,496890,456897,409428,351271,328847,336818,330384,277711,191470,159207
"0","British Columbia",2042,"M",3331653,25885,105517,138257,145073,165268,190734,217891,240143,237781,254946,257509,235039,207238,174965,154778,156257,150290,126973,84428,62681
"0","British Columbia",2042,"F",3459454,24568,99803,130194,136249,156780,182255,215002,241480,240187,252176,245334,232007,210971,187924,174119,180212,174467,155390,114095,106241
"0","British Columbia",2042,"T",6791107,50453,205320,268451,281322,322048,372989,432893,481623,477968,507122,502843,467046,418209,362889,328897,336469,324757,282363,198523,168922
"0","British Columbia",2043,"M",3363138,26054,106173,138672,145694,166497,191033,217642,242134,243454,250066,260207,240387,212045,181912,155763,154952,146724,129721,87639,66369
"0","British Columbia",2043,"F",3493121,24729,100426,130585,136837,157956,182409,214894,242510,246017,249233,248957,235561,215222,193924,174600,179024,171332,158154,118066,112685
"0","British Columbia",2043,"T",6856259,50783,206599,269257,282531,324453,373442,432536,484644,489471,499299,509164,475948,427267,375836,330363,333976,318056,287875,205705,179054
"0","British Columbia",2044,"M",3394381,26208,106849,139164,146207,167614,191785,217148,243362,248474,246205,262349,244861,217385,189005,158010,152889,144515,131860,90396,70095
"0","British Columbia",2044,"F",3526418,24875,101070,131053,137321,159025,183316,214460,243065,250364,247368,252698,238604,219700,199706,176324,176497,169440,160597,121338,119597
"0","British Columbia",2044,"T",6920799,51083,207919,270217,283528,326639,375101,431608,486427,498838,493573,515047,483465,437085,388711,334334,329386,313955,292457,211734,189692
"0","British Columbia",2045,"M",3425405,26337,107515,139754,146633,168618,192769,216136,244939,252515,243635,263591,248716,222804,195685,161674,150779,143827,132287,92988,74203
"0","British Columbia",2045,"F",3559320,24998,101704,131610,137722,159985,184749,213747,243487,253779,245862,256441,241076,224713,204415,179724,173917,169477,160775,124307,126832
"0","British Columbia",2045,"T",6984725,51335,209219,271364,284355,328603,377518,429883,488426,506294,489497,520032,489792,447517,400100,341398,324696,313304,293062,217295,201035
